10;Max;Mustermann;01.01.2000;1111;max.mustermann@test.com;maxi123;
20;Martina;Musterfrau;03.02.2000;2222;martina.musterfrau@test.com;martina123;
1;Marvin;Knoll;Mon Feb 15 00:00:00 CET 1999;1234;marvin@gmail.com;asdf;
2;Daniel;testVersuch;Tue Mar 09 00:00:00 CET 1999;1234;daniel@gmail.com;asdf;
3;Tobias;Hofer;Thu Apr 13 00:00:00 CEST 2017;1234;tobias@gmail.com;asdf;
4;asdf;asdf;Tue Mar 28 00:00:00 CEST 2017;1234567890;asdf@asdf.com;asdf;
5;simon;Pfeifhofer;Sat May 14 00:00:00 CEST 2005;1234;simon@gmai.com;456+-+;
